"Timestamp","Name","Email","Class Year","Current and/or past and or/ favorite math classes?","Interests? Or anything else about yourself?"
"2020/10/13 9:43:06 PM CDT","Anna Constantine ","aconstan@bowdoin.edu","2023","1800,2000,2020 (my fav!), and 2602","I’m on the swim team. I tutor and grade for 1700. I love to hike and spend time outdoors. "
"2020/10/14 7:20:32 AM CDT","Emily Fuller","Efuller@bowdoin.edu","2022","Multi Calc and Ordinary Differential Equations",""
"2020/10/14 11:09:12 AM CDT","Caroline Hallmark","challmar@bowdoin.edu","2024","BC Calc—esp the optimization unit!","Swimming, podcasts, economics, history"
"2020/10/14 12:54:46 PM CDT","Ashley Jazbec","ajazbec@bowdoin.edu","2024","Integral Calculus","I love to go on adventures!"
"2020/10/16 2:30:36 AM CDT","Flora Hamilton","Fhamilto@bowdoin.edu","2021","ODE’s & Biomathematics ","Environmental Studies major! "
"2020/10/16 12:31:33 PM CDT","Violet Rizzieri","vrizzier@bowdoin.edu","2023","multi! ",""
"2020/10/19 10:07:39 AM CDT","Gillian King","gking@bowdoin.edu","2022","Probability, statistics, math 2020","Statistics! Running, music, math (of course). And women empowering other women!"
"2020/10/19 10:10:18 AM CDT","Irene lunt","ilunt@bowdoin.edu","2021","Math Reasoning, ODEs, Analysis","Sports/exercise, sining/music, healthcare, activism, also studying Computer Science"
"2020/10/19 10:19:49 AM CDT","Nimra Siddiqui","nsiddiqu@bowdoin.edu","2022","Current: optimization 
Fav: Intro to math reasoning with Prof Taback","I have a knack of using anecdotes based in math reasoning in my government/history papers. It’s gotten to a point where I have even started to use them in timed exams."
"2020/10/19 10:24:13 AM CDT","Mariah McKenzie","mmckenzi@bowdoin.edu ","2023","Math 1700",""
"2020/10/19 10:27:37 AM CDT","Annika Carey","acarey2@bowdoin.edu","2024","Current: MATH 1700","Rowing, math, hiking/camping, soccer, tennis, exercising, spending time with family and friends, watching documentaries, piano (sort of)"
"2020/10/19 11:26:59 AM CDT","Isabel Krogh","ikrogh@bowdoin.edu","2022","Math Reasoning and Ordinary Differential Equations","I am on the curling team! I would love the chance to meet and chat with fellow women in math!"
"2020/10/19 12:18:58 PM CDT","Elsa Cassidy","Ecassidy@bowdoin.edu","2024","Integral calculus","Off campus freshman interested in math! I play ice hockey and would love to meet other women who play sports and balance math. "
"2020/10/19 5:46:40 PM CDT","Elsa Cassidy","Ecassidy@bowdoin.edu","2024","Integral calculus","Off campus freshman interested in math! I play ice hockey and would love to meet other women who play sports and balance math. "
"2020/10/19 5:49:46 PM CDT","Elsa Cassidy","Ecassidy@bowdoin.edu","2024","Integral calculus","Off campus freshman interested in math! I play ice hockey and would love to meet other women who play sports and balance math. "
"2020/10/19 9:08:34 PM CDT","Michy Martinez","mmartine@bowdoin.edu","2023","Integral Calc","I like to dance and listen to ALL types of music"
"2020/10/19 9:25:56 PM CDT","Zoe Becker","zbecker@bowdoin.edu","2024","Current math: multi variable calc, but my favorite was probably AP stats in high school","I also love creative writing, art, and music. I think I want to major in Econ, so I am determined to learn to love math."
"2020/10/19 9:47:17 PM CDT","Jill Tian","jtian@bowdoin.edu","2021","Current: Partial Differential Equations","Currently in China now, Hope the time difference works."
"2020/10/20 9:08:22 AM CDT","Olivia Groell","ogroell@bowdoin.edu","2022","Biomathematics","I’m a visual art minor so I love art as well as math. I am interested in nonprofit work, as I have been working as a volunteer for The Farmlink Project since June. I also was a Biology major before I switched to Math so I am interested in the intersection of Biology & Math (esp. math modeling). I am a co-leader of the mental health awareness club Active Minds at Bowdoin College. I like to run, do yoga, and hang out with my dog in my free time."
"2020/10/20 9:37:19 AM CDT","Sejal Prachand","sprachan@bowdoin.edu","2024","I’m currently in MATH 1800, and I really enjoy it!","I am a big fan of chemistry, though I want to wait to take orgo until next year so I can hopefully take it with lab. I am a little surprised with how much I’m enjoying my math class this year! I definitely want to take more next semester (hopefully some stats)!"
"2020/10/20 10:50:04 AM CDT","Olivia Groell","ogroell@bowdoin.edu","2022","Biomathematics","I’m a visual art minor so I love art as well as math. I am interested in nonprofit work, as I have been working as a volunteer for The Farmlink Project since June. I also was a Biology major before I switched to Math so I am interested in the intersection of Biology & Math (esp. math modeling). I am a co-leader of the mental health awareness club Active Minds at Bowdoin College. I like to run, do yoga, and hang out with my dog in my free time."
"2020/10/20 12:09:24 PM CDT","Gizem","Gdogan@bowdoin.edu","2024","Multivariable Calculus ","I love physics and theatre."
"2020/10/20 2:26:05 PM CDT","Ursula Sze","usze@bowdoin.edu","2023","1800","Physics, womens studies, squash!"
"2020/10/20 2:37:54 PM CDT","Lemona","Lniu@bowdoin.edu","2023","Math reasoning ","canoeing and kayaking. Anything water-related"
"2020/10/20 4:15:44 PM CDT","Emily Simons","esimons@bowdoin.edu","2024","Currently in Biomathematics :)","Some fun facts: I'm a redhead, I took a gap year, and I have an older brother who is a math major at Williams"
"2020/10/20 4:28:21 PM CDT","Michy Martinez","mmartine@bowdoin.edu","2023","Integral Calc","I like to dance and listen to ALL types of music"
"2020/10/21 10:14:28 AM CDT","Casey Goldberg","cgoldber@bowdoin.edu","2024","I'm currently taking multivariate calc. My favorite math classes was geometry. ","I'm especially interested in math in the context of physics. I'm hoping to take more physics classes in the next few years. "
"2020/10/21 3:39:54 PM CDT","Emily Pratt","epratt@bowdoin.edu","2024","Past favorite class:algebra 2
Current favorite class that I’m taking:multivariate ","Interests in school:math, physics, bio, English.
Other interests:sports/being active puzzles, music/singing, writing, reading "
"2020/10/21 3:52:13 PM CDT","Sophie Nigrovic","snigrovi@bowdoin.edu","2024","Biomathematics (only math class I've taken at Bowdoin)","Im mostly interested in biochemistry, but math can also be interesting!"
"2020/10/21 6:41:13 PM CDT","Aretha Koomson ","akoomson@bowdoin.edu","2021","Multi variable Calc, Linear, ODE, PDE","Also a theater minor/person in case that’s something someone is interested in."
"2020/10/21 9:21:55 PM CDT","Ebe","efiguero@bowdoin.edu","2024","Calc 1 ","I know how to play the mandolin. "
"2020/10/21 10:18:53 PM CDT","Aretha Koomson ","akoomson@bowdoin.edu","2021","Multi variable Calc, Linear, ODE, PDE","Also a theater minor/person in case that’s something someone is interested in."
"2020/10/22 4:21:45 PM CDT","Jaya Blanchard","jblancha@bowdoin.edu","2021","202000000","like hikin and cookin"
"2020/10/23 2:38:38 PM CDT","Sarah Greenberg","sgreenbe@bowdoin.edu","2024","",""
"2020/10/23 3:18:19 PM CDT","Lilly Armstrong","Larmstr2@bowdoin.edu","2023","",""
"2020/10/23 3:22:50 PM CDT","JJ Taube","jtaube@bowdoin.edu","2021","current: partial differential equations
past: stats track & anything applied, but I did enjoy 2020","infectious diseases! mathematical/computational biology, applied math, modeling"
"2020/10/23 3:30:02 PM CDT","Amanda Smith","asmith2@bowdoin.edu","2023","Linear Algebra","I'm interested in physics, skiing, playing catch, and math! "
"2020/10/23 4:34:19 PM CDT","Dahlia Siegel-Zigmund","dsiegelz@bowdoin.edu","2024","BC Calculus ","I also love computer science and biology!"
"2020/10/23 4:38:39 PM CDT","Natasha Haft","nhaft@bowdoin.edu","2024","I’m currently in Linear Algebra, which has been quite fun so far! I cannot remember a favorite math class from high school but I think I enjoyed Calc II. ","I love playing ping pong, football, and card games (like bridge and Avalon). I also really enjoy logic puzzles and crosswords (though I’m not very good at them). "
"2020/10/23 5:48:08 PM CDT","Martha Gebeyehu","mgebeyeh@bowdoin.edu","2023","currently in 1800","I am interested in math, but not too sure about it"
"2020/10/23 7:47:06 PM CDT","Grace Kirkpatrick","gkirkpat@bowdoin.edu","2023","linear algebra, math 2020","Star Trek, I have a dog named Dobby, diverse SFF"
"2020/10/23 8:03:23 PM CDT","Maggie Norton","Mnorton@bowdoin.edu","2024","Multivariable, math reasoning ",""
"2020/10/24 7:27:00 AM CDT","Anna dickson","adickson@bowdoin.edu","2021","Probability, PDEs","Interested in mathematical biology"
"2020/10/25 12:06:11 AM CDT","Maggie Norton","Mnorton@bowdoin.edu","2024","Multivariable, math reasoning ",""